Question,Option1,Option2,Option3,Option4,Option5
"You are in a group discussion. How do you behave?","Stay quiet","Listen and respond when needed","Share ideas occasionally","Actively participate","Lead the discussion"
"You notice others doing a task in a way you would not prefer. What do you do?","Ignore it","Accept it silently","Politely adjust","Suggest improvement","Take charge and change it"
"You are given an assignment with clear instructions. How do you complete it?","Delay work","Do minimum effort","Follow instructions","Work carefully","Do it perfectly"
"You are asked to suggest improvements in a project. What do you do?","Avoid speaking","Give minor ideas","Share useful input","Suggest strong ideas","Lead improvements"
"You attend a social gathering. How do you act?","Very reserved","Quiet","Neutral","Friendly","Very outgoing"
"A friend asks for support during a busy day. How do you respond?","Ignore","Delay help","Help briefly","Help willingly","Fully support"
"You face pressure from deadlines. How do you react?","Feel overwhelmed","Anxious","Manage slowly","Stay calm","Work efficiently"
"You come across a new topic or idea you do not know. How do you respond?","Avoid it","Ignore mostly","Show mild interest","Explore it","Deeply explore it"
"You begin your day. How is your energy level?","Very low","Low","Moderate","High","Very high"
"Someone disagrees with you. How do you react?","Get upset","Defensive","Calm","Open to discussion","Appreciate feedback"
"You are assigned a responsibility. What do you do?","Avoid it","Delay","Accept it","Take ownership","Lead confidently"
"You are preparing for an important event. How do you feel?","Very stressed","Nervous","Neutral","Confident","Very confident"
"You face a complex idea or concept. What do you do?","Avoid it","Confused","Try to understand","Analyze deeply","Master it"
"Your team needs motivation. How do you respond?","Ignore","Minimal effort","Encourage lightly","Motivate actively","Inspire leadership"
"Someone apologizes after hurting you. How do you react?","Reject apology","Stay distant","Accept quietly","Forgive","Forgive and rebuild trust"
"You manage your personal tasks. How organized are you?","Very disorganized","Disorganized","Average","Organized","Highly organized"
"You are in a room with others. How do you behave?","Withdrawn","Quiet","Neutral","Engaging","Very social"
"A person you just met asks for help. What is your reaction?","Refuse","Avoid","Help briefly","Help willingly","Go out of your way"
"You experience something upsetting. How do you react?","Overreact","Feel anxious","Manage emotions","Stay calm","Stay emotionally stable"
"You work on a creative project. What do you do?","Avoid creativity","Stick to basics","Add some ideas","Be creative","Highly innovative"
"You are in a leadership situation. What do you do?","Avoid leading","Follow others","Support team","Guide team","Lead confidently"
"You meet new people. How do you behave emotionally?","Closed","Reserved","Neutral","Open","Very expressive"
"You start a long task. How do you complete it?","Quit early","Delay","Complete slowly","Finish on time","Finish efficiently"
"Your mood throughout the day usually is","Very unstable","Unstable","Balanced","Positive","Very positive"
"You interact with people daily. How do you treat them?","Cold","Formal","Neutral","Friendly","Very warm"
"You choose the type of work you prefer. What do you select?","Routine","Predictable","Balanced","Challenging","Creative"
"Someone annoys you. How do you react?","Angry","Irritated","Ignore","Stay calm","Respond maturely"
"You make a plan for the week. What do you do next?","Forget it","Rarely follow","Partially follow","Follow properly","Optimize plan"
"You face an unexpected situation. How do you feel?","Panicked","Anxious","Neutral","Adaptable","Confident"
"You are given time to think. What do you do?","Waste time","Overthink","Think moderately","Reflect deeply","Think strategically"
"You are offered artistic activities. How do you respond?","Reject","Little interest","Neutral","Interested","Highly interested"
"You are doing a task that requires focus. What happens?","Get distracted","Lose focus","Average focus","Good focus","Deep focus"
"You visit a place with art, music, or literature. How do you respond?","Uninterested","Slight interest","Neutral","Enjoy it","Deeply appreciate it"